{
    "test_sizes": [
        [
            1888,
            1248,
            1140
        ],
        [
            1412,
            952,
            992
        ],
        [
            1492,
            1388,
            2016
        ],
        [
            1200,
            400,
            1172
        ],
        [
            1244,
            1876,
            1904
        ]
    ],
    "num_test_sizes": 5,
    "results": [
        {
            "size": [
                1888,
                1248,
                1140
            ],
            "rl_agent": {
                "best_config": {
                    "BLOCK_SIZE_M": 64,
                    "BLOCK_SIZE_N": 64,
                    "BLOCK_SIZE_K": 16,
                    "num_warps": 4,
                    "num_stages": 3,
                    "GROUP_SIZE_M": 8
                },
                "tflops": 26.873853122693436,
                "runtime_ms": 0.19990399945527315,
                "vram_mb": 311.09912109375,
                "reward": 11.818897068005935
            },
            "autotuner": {
                "best_config": {
                    "BLOCK_SIZE_M": 64,
                    "BLOCK_SIZE_N": 128,
                    "BLOCK_SIZE_K": 32,
                    "num_warps": 4,
                    "num_stages": 3,
                    "GROUP_SIZE_M": 8
                },
                "tflops": 27.058854952147726,
                "vram_mb": 311.09912109375,
                "runtime_ms": 0.1985372525740819,
                "error": null
            }
        },
        {
            "size": [
                1412,
                952,
                992
            ],
            "rl_agent": {
                "best_config": {
                    "BLOCK_SIZE_M": 64,
                    "BLOCK_SIZE_N": 64,
                    "BLOCK_SIZE_K": 16,
                    "num_warps": 4,
                    "num_stages": 3,
                    "GROUP_SIZE_M": 8
                },
                "tflops": 22.511897502426255,
                "runtime_ms": 0.11846804187486046,
                "vram_mb": 311.09912109375,
                "reward": 7.456941447738753
            },
            "autotuner": {
                "best_config": {
                    "BLOCK_SIZE_M": 128,
                    "BLOCK_SIZE_N": 64,
                    "BLOCK_SIZE_K": 32,
                    "num_warps": 8,
                    "num_stages": 3,
                    "GROUP_SIZE_M": 8
                },
                "tflops": 22.998222381536635,
                "vram_mb": 303.08740234375,
                "runtime_ms": 0.11596289364264366,
                "error": null
            }
        },
        {
            "size": [
                1492,
                1388,
                2016
            ],
            "rl_agent": {
                "best_config": {
                    "BLOCK_SIZE_M": 64,
                    "BLOCK_SIZE_N": 64,
                    "BLOCK_SIZE_K": 32,
                    "num_warps": 4,
                    "num_stages": 3,
                    "GROUP_SIZE_M": 8
                },
                "tflops": 25.933152310833513,
                "runtime_ms": 0.3219760009087622,
                "vram_mb": 319.48486328125,
                "reward": 10.458909146771013
            },
            "autotuner": {
                "best_config": {
                    "BLOCK_SIZE_M": 128,
                    "BLOCK_SIZE_N": 32,
                    "BLOCK_SIZE_K": 32,
                    "num_warps": 4,
                    "num_stages": 2,
                    "GROUP_SIZE_M": 8
                },
                "tflops": 27.329910084216543,
                "vram_mb": 319.48486328125,
                "runtime_ms": 0.30552067848998055,
                "error": null
            }
        },
        {
            "size": [
                1200,
                400,
                1172
            ],
            "rl_agent": {
                "best_config": {
                    "BLOCK_SIZE_M": 64,
                    "BLOCK_SIZE_N": 64,
                    "BLOCK_SIZE_K": 32,
                    "num_warps": 4,
                    "num_stages": 4,
                    "GROUP_SIZE_M": 8
                },
                "tflops": 16.757710833103946,
                "runtime_ms": 0.06714043530202148,
                "vram_mb": 319.48486328125,
                "reward": 1.2834676690414462
            },
            "autotuner": {
                "best_config": {
                    "BLOCK_SIZE_M": 64,
                    "BLOCK_SIZE_N": 64,
                    "BLOCK_SIZE_K": 32,
                    "num_warps": 4,
                    "num_stages": 3,
                    "GROUP_SIZE_M": 8
                },
                "tflops": 17.71963445001745,
                "vram_mb": 298.455078125,
                "runtime_ms": 0.06349566652594756,
                "error": null
            }
        },
        {
            "size": [
                1244,
                1876,
                1904
            ],
            "rl_agent": {
                "best_config": {
                    "BLOCK_SIZE_M": 64,
                    "BLOCK_SIZE_N": 64,
                    "BLOCK_SIZE_K": 32,
                    "num_warps": 4,
                    "num_stages": 3,
                    "GROUP_SIZE_M": 8
                },
                "tflops": 26.163788839947884,
                "runtime_ms": 0.3396639992152491,
                "vram_mb": 320.03759765625,
                "reward": 10.661908957135385
            },
            "autotuner": {
                "best_config": {
                    "BLOCK_SIZE_M": 128,
                    "BLOCK_SIZE_N": 32,
                    "BLOCK_SIZE_K": 32,
                    "num_warps": 4,
                    "num_stages": 2,
                    "GROUP_SIZE_M": 8
                },
                "tflops": 26.490765396707612,
                "vram_mb": 320.03759765625,
                "runtime_ms": 0.3354715131448977,
                "error": null
            }
        }
    ]
}